Date,Open($),High($),Low($),Close ($),VWAP($),Change($),Change(%),Volume,Trade_Value,#Trades
"Oct 31, 2023 12:00 AM",169.35,170.9,167.9,170.77,169.883,0.48,0.282,44846017,7622757551.67,510965
"Oct 30, 2023 12:00 AM",169.02,171.17,168.87,170.29,170.082,2.07,1.231,51130955,8714782651.77,628353
"Oct 27, 2023 12:00 AM",166.91,168.96,166.83,168.22,167.919,1.33,0.797,58499129,9824890118.29,611196
"Oct 26, 2023 12:00 AM",170.37,171.378,165.67,166.89,167.559,-4.21,-2.461,70625258,11855214328.16,817366
"Oct 25, 2023 12:00 AM",171.88,173.06,170.65,171.1,171.512,-2.34,-1.349,57156962,9803043209.77,611042
"Oct 24, 2023 12:00 AM",173.05,173.67,171.45,173.44,172.725,0.44,0.254,43816644,7570575929.8,531392
"Oct 23, 2023 12:00 AM",170.91,174.01,169.93,173,172.368,0.12,0.069,55980109,9650096841.39,639760
"Oct 20, 2023 12:00 AM",175.31,175.42,172.64,172.88,173.75,-2.58,-1.47,64244028,11207927401.62,601380
"Oct 19, 2023 12:00 AM",176.04,177.84,175.19,175.46,176.234,-0.38,-0.216,59302863,10647309609.11,561523
"Oct 18, 2023 12:00 AM",175.58,177.575,175.11,175.84,176.356,-1.31,-0.739,54764375,9659433143.16,541044
"Oct 17, 2023 12:00 AM",176.645,178.42,174.8,177.15,176.856,-1.57,-0.878,57549350,10180171657.72,593204
"Oct 16, 2023 12:00 AM",176.75,179.075,176.51,178.72,178.148,-0.13,-0.073,52516984,9356240786.07,632682
"Oct 13, 2023 12:00 AM",181.42,181.93,178.14,178.85,179.404,-1.86,-1.029,51456082,9234331139.39,532349
"Oct 12, 2023 12:00 AM",180.07,182.34,179.04,180.71,180.969,0.91,0.506,56743119,10270218222.55,617907
"Oct 11, 2023 12:00 AM",178.2,179.85,177.6,179.8,178.939,1.41,0.79,47551098,8511014846.78,504259
"Oct 10, 2023 12:00 AM",178.1,179.72,177.95,178.39,178.664,-0.6,-0.335,43698019,7862382748.66,526410
"Oct 9, 2023 12:00 AM",176.81,179.05,175.8,178.99,177.88,1.5,0.845,42390772,7549838341.58,518349
"Oct 6, 2023 12:00 AM",173.8,177.99,173.18,177.49,176.382,2.58,1.475,57266675,10170801196.32,594658
"Oct 5, 2023 12:00 AM",173.79,175.45,172.68,174.91,174.25,1.25,0.72,48527918,8458953752,510332
"Oct 4, 2023 12:00 AM",171.09,174.21,170.97,173.66,172.952,1.26,0.731,53020286,9172284054.32,562234
"Oct 3, 2023 12:00 AM",172.255,173.63,170.82,172.4,172.128,-1.35,-0.777,49594613,8537684628.03,543124
"Oct 2, 2023 12:00 AM",171.22,174.3,170.93,173.75,173.29,2.54,1.484,52164535,9039730962.9,617312
"Sep 29, 2023 12:00 AM",172.02,173.07,170.341,171.21,171.598,0.52,0.305,51861083,8904381336.66,535769
"Sep 28, 2023 12:00 AM",169.34,172.03,167.62,170.69,170.314,0.26,0.153,56294419,9581211166.4,619613
"Sep 27, 2023 12:00 AM",172.62,173.04,169.05,170.43,170.523,-1.53,-0.89,66921808,11414195475.84,709037
"Sep 26, 2023 12:00 AM",174.82,175.2,171.66,171.96,172.716,-4.12,-2.34,64588945,11157393530.2,689260
"Sep 25, 2023 12:00 AM",174.2,176.97,174.15,176.08,175.676,1.29,0.738,46172740,8123399844.75,564312
"Sep 22, 2023 12:00 AM",174.67,177.079,174.05,174.79,175.472,0.86,0.494,56725385,9956179549.1,607513
"Sep 21, 2023 12:00 AM",174.55,176.3,173.86,173.93,174.887,-1.56,-0.889,63149116,11123009113.17,633356
"Sep 20, 2023 12:00 AM",179.26,179.695,175.4,175.49,177.039,-3.58,-1.999,58436181,10350765506.35,601141
"Sep 19, 2023 12:00 AM",177.52,179.63,177.13,179.07,178.421,1.1,0.618,51826941,9250235435.13,525579
"Sep 18, 2023 12:00 AM",176.48,179.38,176.17,177.97,177.953,2.96,1.691,67257573,11965369534.48,731363
"Sep 15, 2023 12:00 AM",176.48,176.495,173.82,175.01,175.1,-0.73,-0.415,109259461,19137117854.03,738925
"Sep 14, 2023 12:00 AM",174,176.1,173.58,175.74,175.381,1.53,0.878,60895757,10792903840.6,643919
"Sep 13, 2023 12:00 AM",176.51,177.3,173.98,174.21,174.991,-2.09,-1.185,84267928,14736333900,837681
"Sep 12, 2023 12:00 AM",179.49,180.13,174.82,176.3,176.652,-3.06,-1.706,90370192,15960479200,939712
"Sep 11, 2023 12:00 AM",180.07,180.3,177.34,179.36,178.802,1.18,0.662,58953052,10543573100,722536
"Sep 8, 2023 12:00 AM",178.35,180.239,177.79,178.18,179.065,0.62,0.349,65602066,11745850700,758614
"Sep 7, 2023 12:00 AM",175.18,178.21,173.54,177.56,176.608,-5.35,-2.925,112488803,19853550800,1212074
"Sep 6, 2023 12:00 AM",188.4,188.85,181.47,182.91,183.719,-6.79,-3.579,81755816,15014114300,881200
"Sep 5, 2023 12:00 AM",188.28,189.98,187.61,189.7,189.109,0.24,0.127,45280027,8559869320,602624
"Sep 1, 2023 12:00 AM",189.485,189.92,188.28,189.46,189.026,1.59,0.846,45766503,8652260890,531550
"Aug 31, 2023 12:00 AM",187.84,189.12,187.48,187.87,188.15,0.22,0.117,60794467,11439990500,556317
"Aug 30, 2023 12:00 AM",184.94,187.85,184.74,187.65,186.939,3.53,1.917,60813888,11368292800,638370
"Aug 29, 2023 12:00 AM",179.695,184.9,179.5,184.12,183.291,3.93,2.181,53003948,9716892600,577583
"Aug 28, 2023 12:00 AM",180.09,180.59,178.545,180.19,179.62,1.58,0.885,43820697,7870181080,532619
"Aug 25, 2023 12:00 AM",177.38,179.15,175.82,178.61,177.819,2.23,1.264,51449594,9152703200,556472
"Aug 24, 2023 12:00 AM",180.674,181.104,176.01,176.38,177.623,-4.74,-2.617,54945798,9799598170,612716
"Aug 23, 2023 12:00 AM",178.52,181.55,178.325,181.12,180.66,3.89,2.195,52722752,9523578090,588215
"Aug 22, 2023 12:00 AM",177.06,177.68,176.25,177.23,177.001,1.39,0.79,42084245,7448471660,502891
"Aug 21, 2023 12:00 AM",175.07,176.13,173.735,175.84,175.226,1.35,0.774,46311879,8112908910,559969
"Aug 18, 2023 12:00 AM",172.3,175.1,171.96,174.49,173.868,0.49,0.282,61172150,10457743300,598493
"Aug 17, 2023 12:00 AM",177.14,177.505,173.48,174,174.588,-2.57,-1.456,66062882,11534756200,674719
"Aug 16, 2023 12:00 AM",177.13,178.54,176.5,176.57,177.441,-0.88,-0.496,46964857,8331699120,527265
"Aug 15, 2023 12:00 AM",178.88,179.48,177.05,177.45,177.878,-2.01,-1.12,43622593,7763124750,511093
"Aug 14, 2023 12:00 AM",177.97,179.69,177.305,179.46,178.932,1.67,0.939,43675627,7814105330,565106
"Aug 11, 2023 12:00 AM",177.32,178.62,176.55,177.79,177.775,-0.18,-0.101,52036672,9250942330,587777
"Aug 10, 2023 12:00 AM",179.48,180.75,177.6,177.97,178.808,-0.22,-0.123,54686851,9786548980,654629
"Aug 9, 2023 12:00 AM",180.87,180.93,177.01,178.19,178.456,-1.61,-0.895,60378492,10790291500,668348
"Aug 8, 2023 12:00 AM",179.69,180.27,177.58,179.8,179.005,0.95,0.531,67823003,12138477200,712017
"Aug 7, 2023 12:00 AM",182.13,183.13,177.35,178.85,178.838,-3.14,-1.725,97576069,17447272200,1159751
"Aug 4, 2023 12:00 AM",185.52,187.38,181.92,181.99,184.169,-9.18,-4.802,115956841,21342008900,1341126
"Aug 3, 2023 12:00 AM",191.57,192.37,190.69,191.17,191.111,-1.41,-0.732,62243282,11890285200,756302
"Aug 2, 2023 12:00 AM",195.04,195.18,191.851,192.58,192.903,-3.025,-1.546,50389327,9719884900,620699
"Aug 1, 2023 12:00 AM",196.235,196.73,195.28,195.605,195.837,-0.845,-0.43,35281426,6913309400,478826
"Jul 31, 2023 12:00 AM",196.06,196.49,195.26,196.45,196.14,0.62,0.317,38824113,7613295190,530586
"Jul 28, 2023 12:00 AM",194.67,196.626,194.14,195.83,195.792,2.61,1.351,48291443,9454768270,520236
"Jul 27, 2023 12:00 AM",196.02,197.2,192.55,193.22,194.904,-1.28,-0.658,47460180,9250705550,571694
"Jul 26, 2023 12:00 AM",193.67,195.64,193.32,194.5,194.369,0.88,0.454,47471868,9236929810,503639
"Jul 25, 2023 12:00 AM",193.33,194.44,192.915,193.62,193.776,0.87,0.451,37283201,7378084930,446486
"Jul 24, 2023 12:00 AM",193.41,194.91,192.25,192.75,193.199,0.81,0.422,45505097,8790225130,525969
"Jul 21, 2023 12:00 AM",194.1,194.97,191.23,191.94,192.684,-1.19,-0.616,71951683,13914836500,581706
"Jul 20, 2023 12:00 AM",195.09,196.47,192.495,193.13,194.254,-1.97,-1.01,59581196,11576061900,641138
"Jul 19, 2023 12:00 AM",193.1,198.23,192.65,195.1,194.956,1.37,0.707,80507323,15680940600,777888
"Jul 18, 2023 12:00 AM",193.35,194.33,192.415,193.73,193.364,-0.26,-0.134,48353774,9388594180,545706
"Jul 17, 2023 12:00 AM",191.9,194.32,191.81,193.99,193.319,3.3,1.731,50520159,9763509100,602976
"Jul 14, 2023 12:00 AM",190.23,191.18,189.63,190.69,190.454,0.15,0.079,41616242,7928078650,514566
"Jul 13, 2023 12:00 AM",190.5,191.19,189.78,190.54,190.55,0.77,0.406,41342338,7879157960,469048
"Jul 12, 2023 12:00 AM",189.68,191.7,188.47,189.77,189.956,1.69,0.899,60750248,11539486300,653684
"Jul 11, 2023 12:00 AM",189.16,189.3,186.6,188.08,187.798,-0.53,-0.281,46638119,8758728460,579270
"Jul 10, 2023 12:00 AM",189.26,189.99,187.035,188.61,188.329,-2.07,-1.086,59922163,11400776500,737005
"Jul 7, 2023 12:00 AM",191.41,192.67,190.24,190.68,191.408,-1.13,-0.589,46814998,8961495560,539788
"Jul 6, 2023 12:00 AM",189.84,192.02,189.2,191.81,190.803,0.48,0.251,45156009,8616768890,563889
"Jul 5, 2023 12:00 AM",191.565,192.98,190.62,191.33,191.592,-1.13,-0.587,46920261,8987312590,560288
"Jul 3, 2023 12:00 AM",193.78,193.88,191.76,192.46,192.625,-1.51,-0.778,31458198,6253582160,500392
"Jun 30, 2023 12:00 AM",191.63,194.48,191.26,193.97,193.124,4.38,2.31,85213216,16448078600,775836
"Jun 29, 2023 12:00 AM",189.08,190.07,188.94,189.59,189.543,0.34,0.18,46347308,8785110460,526850
"Jun 28, 2023 12:00 AM",187.93,189.9,187.6,189.25,188.878,1.19,0.633,51216801,9679847600,560073
"Jun 27, 2023 12:00 AM",185.89,188.39,185.67,188.06,187.472,2.79,1.506,50730846,9515149370,513118
"Jun 26, 2023 12:00 AM",186.83,188.05,185.23,185.27,186.305,-1.41,-0.755,48088661,8957746170,584610
"Jun 23, 2023 12:00 AM",185.55,187.56,185.01,186.68,186.475,-0.32,-0.171,53116996,9915542920,540837
"Jun 22, 2023 12:00 AM",183.74,187.045,183.67,187,186.087,3.04,1.653,51245327,9537025470,564038
"Jun 21, 2023 12:00 AM",184.9,185.41,182.59,183.96,184.067,-1.05,-0.568,49515697,9115359600,521966
"Jun 20, 2023 12:00 AM",184.41,186.1,184.41,185.01,185.271,0.09,0.049,49799092,9230445470,577631
"Jun 16, 2023 12:00 AM",186.73,186.99,184.27,184.92,185.494,-1.09,-0.586,101256225,18773745600,617440
"Jun 15, 2023 12:00 AM",183.96,186.52,183.78,186.01,185.559,2.06,1.12,65433166,12139823000,697979
"Jun 14, 2023 12:00 AM",183.37,184.39,182.02,183.95,183.689,0.64,0.349,57462882,10556467900,615552
"Jun 13, 2023 12:00 AM",182.8,184.15,182.44,183.31,183.164,-0.48,-0.261,54929129,10085244100,610004
"Jun 12, 2023 12:00 AM",181.27,183.89,180.97,183.79,182.784,2.83,1.564,54754995,10009556100,562189
"Jun 9, 2023 12:00 AM",181.5,182.23,180.63,180.96,181.431,0.39,0.216,48899973,8872547960,559324
"Jun 8, 2023 12:00 AM",177.895,180.84,177.46,180.57,179.53,2.75,1.547,50214881,9125276910,549750
"Jun 7, 2023 12:00 AM",178.44,181.21,177.32,177.82,178.649,-1.39,-0.776,61944615,11065924700,670407
"Jun 6, 2023 12:00 AM",179.965,180.12,177.43,179.21,178.683,-0.37,-0.206,64848374,11585375100,706712
"Jun 5, 2023 12:00 AM",182.63,184.951,178.035,179.58,182.062,-1.37,-0.757,121946497,22189310800,1286376
"Jun 2, 2023 12:00 AM",181.03,181.78,179.26,180.95,180.624,0.86,0.478,61996913,11199849000,618925
"Jun 1, 2023 12:00 AM",177.7,180.12,176.931,180.09,179.377,2.84,1.602,68901809,12357748500,625219
"May 31, 2023 12:00 AM",177.325,179.35,176.76,177.25,177.945,-0.05,-0.028,99625288,17731770800,670263
"May 30, 2023 12:00 AM",176.96,178.99,176.57,177.3,177.434,1.87,1.066,55964401,9928688450,651619
"May 26, 2023 12:00 AM",173.32,175.77,173.11,175.43,175.137,2.44,1.41,54834975,9603157180,530837
"May 25, 2023 12:00 AM",172.41,173.895,171.69,172.99,172.893,1.15,0.669,56058258,9741067690,536250
"May 24, 2023 12:00 AM",171.09,172.418,170.52,171.84,171.489,0.28,0.163,45143488,7741819520,493369
"May 23, 2023 12:00 AM",173.13,173.379,171.275,171.56,172.166,-2.64,-1.515,50747263,8738529200,536251
"May 22, 2023 12:00 AM",173.98,174.71,173.45,174.2,174.183,-0.96,-0.548,43570932,7616207960,526661
"May 19, 2023 12:00 AM",176.39,176.39,174.94,175.16,175.502,0.11,0.063,55809475,9846920460,533824
"May 18, 2023 12:00 AM",173,175.24,172.58,175.05,174.352,2.36,1.367,65496657,11410984600,596414
"May 17, 2023 12:00 AM",171.71,172.925,170.42,172.69,171.827,0.62,0.36,57951604,9984672960,555577
"May 16, 2023 12:00 AM",171.99,173.138,171.799,172.07,172.275,0,0,42110293,7253310030,436794
"May 15, 2023 12:00 AM",173.16,173.21,171.47,172.07,172.083,-0.5,-0.29,37266659,6414417030,444963
"May 12, 2023 12:00 AM",173.62,174.06,171,172.57,172.346,-1.18,-0.679,45533138,7847819140,491181
"May 11, 2023 12:00 AM",173.85,174.59,172.17,173.75,173.476,0.195,0.112,49514676,8592479860,502684
"May 10, 2023 12:00 AM",173.02,174.03,171.9,173.555,173.175,1.785,1.039,53724501,9302676270,512161
"May 9, 2023 12:00 AM",173.05,173.54,171.6,171.77,172.219,-1.73,-0.997,45326874,7810579130,456956
"May 8, 2023 12:00 AM",172.48,173.85,172.11,173.5,173.307,-0.07,-0.04,55962793,9697966760,563758
"May 5, 2023 12:00 AM",170.975,174.3,170.76,173.57,173.318,7.78,4.693,113453171,19641564200,916989
"May 4, 2023 12:00 AM",164.89,167.04,164.31,165.79,166.089,-1.66,-0.991,81235427,13487455200,833033
"May 3, 2023 12:00 AM",169.5,170.92,167.16,167.45,169.098,-1.09,-0.647,65136018,11006516400,610765
"May 2, 2023 12:00 AM",170.09,170.35,167.54,168.54,168.671,-1.05,-0.619,48425696,8167578870,510505
"May 1, 2023 12:00 AM",169.28,170.45,168.64,169.59,169.651,-0.09,-0.053,52472936,8900122380,540992
"Apr 28, 2023 12:00 AM",168.49,169.85,167.88,169.68,168.976,1.27,0.754,55275851,9745272480,528647
"Apr 27, 2023 12:00 AM",165.19,168.56,165.19,168.41,167.357,4.65,2.84,64902329,10857092600,576641
"Apr 26, 2023 12:00 AM",163.055,165.28,162.8,163.76,163.901,-0.01,-0.006,45498796,7565828790,494123
"Apr 25, 2023 12:00 AM",165.19,166.305,163.73,163.77,164.614,-1.56,-0.944,48714063,8020735560,509997
"Apr 24, 2023 12:00 AM",165,165.6,163.89,165.33,164.952,0.31,0.188,41949581,6929050600,459640
"Apr 21, 2023 12:00 AM",165.05,166.452,164.49,165.02,165.081,-1.63,-0.978,58337341,9639060290,520945
"Apr 20, 2023 12:00 AM",166.09,167.87,165.56,166.65,166.786,-0.98,-0.585,52456377,8751220680,493971
"Apr 19, 2023 12:00 AM",165.8,168.16,165.54,167.63,167.277,1.16,0.697,47720166,8149700930,474570
"Apr 18, 2023 12:00 AM",166.1,167.41,165.65,166.47,166.344,1.24,0.75,49923008,8303231540,495241
"Apr 17, 2023 12:00 AM",165.09,165.39,164.03,165.23,164.783,0.02,0.012,41516217,6844521610,483574
"Apr 14, 2023 12:00 AM",164.59,166.32,163.82,165.21,165.038,-0.35,-0.211,49386480,8149239810,490509
"Apr 13, 2023 12:00 AM",161.63,165.8,161.42,165.56,164.389,5.46,3.41,68445649,11247630300,596302
"Apr 12, 2023 12:00 AM",161.22,162.06,159.78,160.1,160.849,-0.7,-0.435,50133062,8064834880,514971
"Apr 11, 2023 12:00 AM",162.35,162.36,160.51,160.8,161.1,-1.23,-0.759,47644217,7676459090,491311
"Apr 10, 2023 12:00 AM",161.42,162.03,160.08,162.03,161.248,-2.63,-1.597,47716882,7693341610,564109
"Apr 6, 2023 12:00 AM",162.43,164.958,162,164.66,164.024,0.9,0.55,45390123,7446126530,447073
"Apr 5, 2023 12:00 AM",164.74,165.05,161.8,163.76,163.456,-1.87,-1.129,51511744,8420462920,534297
"Apr 4, 2023 12:00 AM",166.595,166.84,165.11,165.63,165.886,-0.54,-0.325,46278295,7683397880,457322
"Apr 3, 2023 12:00 AM",164.27,166.29,164.22,166.17,165.384,1.27,0.77,56976187,9460471160,569377
"Mar 31, 2023 12:00 AM",162.44,165,161.91,164.9,164.06,2.54,1.564,68749792,11276798600,575341
"Mar 30, 2023 12:00 AM",161.53,162.47,161.271,162.36,162.018,1.59,0.989,49501689,8019534830,456873
"Mar 29, 2023 12:00 AM",159.37,161.05,159.35,160.77,160.215,3.12,1.979,51305691,8218999120,472503
"Mar 28, 2023 12:00 AM",157.97,158.49,155.98,157.65,156.971,-0.63,-0.398,45992152,7219700880,433164
"Mar 27, 2023 12:00 AM",159.94,160.77,157.87,158.28,158.989,-1.97,-1.229,52390266,8329332170,518642
"Mar 24, 2023 12:00 AM",158.86,160.34,157.85,160.25,159.268,1.32,0.831,59256343,9465790440,518290
"Mar 23, 2023 12:00 AM",158.83,161.55,157.68,158.93,159.52,1.1,0.697,67622060,10927990500,615173
"Mar 22, 2023 12:00 AM",159.3,162.14,157.81,157.83,159.633,-1.45,-0.91,75701811,12085949100,657823
"Mar 21, 2023 12:00 AM",157.32,159.4,156.54,159.28,158.36,1.88,1.194,73938285,11705010400,592120
"Mar 20, 2023 12:00 AM",155.07,157.82,154.15,157.4,156.626,2.4,1.548,73641415,11531445800,629237
"Mar 17, 2023 12:00 AM",156.08,156.74,154.28,155,155.336,-0.85,-0.545,98944633,15379200500,617073
"Mar 16, 2023 12:00 AM",152.16,156.46,151.64,155.85,154.815,2.86,1.869,76254419,11802459300,676755
"Mar 15, 2023 12:00 AM",151.19,153.245,149.92,152.99,151.784,0.4,0.262,77167866,11711058400,703729
"Mar 14, 2023 12:00 AM",151.28,153.4,150.1,152.59,152.105,2.12,1.409,73695893,11216669000,566208
"Mar 13, 2023 12:00 AM",147.805,153.14,147.7,150.47,151.194,1.97,1.327,84457122,12761988700,761052
"Mar 10, 2023 12:00 AM",150.21,150.94,147.61,148.5,149.026,-2.09,-1.388,68572400,10219682100,612257
"Mar 9, 2023 12:00 AM",153.559,154.535,150.225,150.59,152.424,-2.28,-1.491,53833582,8206744920,481550
"Mar 8, 2023 12:00 AM",152.81,153.47,151.83,152.87,152.69,1.27,0.838,47204791,7206896430,405868
"Mar 7, 2023 12:00 AM",153.7,154.03,151.13,151.6,152.247,-2.23,-1.45,56182028,8553839950,497690
"Mar 6, 2023 12:00 AM",153.785,156.3,153.46,153.83,154.674,2.8,1.854,87558028,13534945000,692294
"Mar 3, 2023 12:00 AM",148.045,151.11,147.33,151.03,150.065,5.12,3.509,70732297,10609700300,559232
"Mar 2, 2023 12:00 AM",144.38,146.71,143.9,145.91,145.186,0.6,0.413,52279761,7645819920,413996
"Mar 1, 2023 12:00 AM",146.83,147.229,145.01,145.31,145.816,-2.1,-1.425,55478991,8091007450,462028
"Feb 28, 2023 12:00 AM",147.05,149.08,146.83,147.41,147.781,-0.51,-0.345,50546998,7472129110,384720
"Feb 27, 2023 12:00 AM",147.71,149.17,147.45,147.92,148.128,1.21,0.825,44998470,6664152970,418313
"Feb 24, 2023 12:00 AM",147.11,147.19,145.72,146.71,146.364,-2.69,-1.801,55469606,8118503560,472746
"Feb 23, 2023 12:00 AM",150.09,150.34,147.24,149.4,148.849,0.49,0.329,48394249,7201709580,425843
"Feb 22, 2023 12:00 AM",148.87,149.95,147.16,148.91,148.537,0.43,0.29,51011305,7591853660,430701
"Feb 21, 2023 12:00 AM",150.2,151.3,148.405,148.48,149.333,-4.07,-2.668,58867230,9666252790,509584
"Feb 17, 2023 12:00 AM",152.35,153,150.85,152.55,152.042,-1.16,-0.755,59144118,8999060290,469275
"Feb 16, 2023 12:00 AM",153.51,156.33,153.348,153.71,154.747,-1.62,-1.043,68167942,10545252900,517277
"Feb 15, 2023 12:00 AM",153.11,155.5,152.88,155.33,154.522,2.13,1.39,65669252,10141924000,521330
"Feb 14, 2023 12:00 AM",152.12,153.77,150.86,153.2,152.548,-0.65,-0.422,61707573,9415474670,529274
"Feb 13, 2023 12:00 AM",150.952,154.26,150.92,153.85,153.237,2.84,1.881,62199013,9529020040,506788
"Feb 10, 2023 12:00 AM",149.46,151.34,149.22,151.01,150.43,0.14,0.093,57450708,8655962460,443744
"Feb 9, 2023 12:00 AM",153.775,154.33,150.42,150.87,152.26,-1.05,-0.691,56007143,8533555730,472334
"Feb 8, 2023 12:00 AM",153.88,154.58,151.168,151.92,152.341,-2.73,-1.765,64120079,9772265270,524761
"Feb 7, 2023 12:00 AM",150.64,155.23,150.64,154.65,153.507,2.92,1.924,83322551,12778246700,662156
"Feb 6, 2023 12:00 AM",152.575,153.1,150.78,151.73,151.998,-2.77,-1.793,69858306,10629508200,584107
"Feb 3, 2023 12:00 AM",148.03,157.38,147.83,154.5,154.447,3.68,2.44,154357337,23776662800,1142329
"Feb 2, 2023 12:00 AM",148.9,151.18,148.17,150.82,149.371,5.39,3.706,118338980,17659078300,996661
"Feb 1, 2023 12:00 AM",143.97,146.61,141.32,145.43,143.897,1.14,0.79,77663633,11170254000,693679
"Jan 31, 2023 12:00 AM",142.7,144.34,142.28,144.29,143.67,1.29,0.902,65874459,9461472680,468535
"Jan 30, 2023 12:00 AM",144.955,145.55,142.85,143,143.623,-2.93,-2.008,64015274,9194050190,551376
"Jan 27, 2023 12:00 AM",143.155,147.23,143.08,145.93,145.821,1.97,1.368,70555843,10289441700,560314
"Jan 26, 2023 12:00 AM",143.17,144.25,141.9,143.96,143.338,2.1,1.48,54105068,7754739450,472449
"Jan 25, 2023 12:00 AM",140.89,142.43,138.81,141.86,140.73,-0.67,-0.47,65799349,9261102370,536907
"Jan 24, 2023 12:00 AM",140.305,143.16,140.3,142.53,142.164,1.42,1.006,66435142,9435536310,499030
"Jan 23, 2023 12:00 AM",138.12,143.315,137.9,141.11,141.229,3.24,2.35,81760313,11573432700,719471
"Jan 20, 2023 12:00 AM",135.28,138.02,134.22,137.87,136.397,2.6,1.922,80223626,10938017300,552527
"Jan 19, 2023 12:00 AM",134.08,136.25,133.77,135.27,134.969,0.06,0.044,58280413,7866964460,493875
"Jan 18, 2023 12:00 AM",136.815,138.61,135.03,135.21,136.309,-0.73,-0.537,69672800,9499202110,578671
"Jan 17, 2023 12:00 AM",134.83,137.29,134.13,135.94,135.763,1.18,0.876,63646627,8638194870,596002
"Jan 13, 2023 12:00 AM",132.03,134.92,131.66,134.76,133.696,1.35,1.012,57809719,7726019960,537680
"Jan 12, 2023 12:00 AM",133.88,134.26,131.44,133.41,133.148,-0.08,-0.06,71379648,9503552130,635564
"Jan 11, 2023 12:00 AM",131.25,133.51,130.46,133.49,132.332,2.76,2.111,69458949,9194837480,561600
"Jan 10, 2023 12:00 AM",130.26,131.264,128.12,130.73,129.811,0.58,0.446,63896155,8293774420,555327
"Jan 9, 2023 12:00 AM",130.465,133.41,129.89,130.15,131.601,0.53,0.409,70790813,9323064590,645643
"Jan 6, 2023 12:00 AM",126.01,130.29,124.89,129.62,128.262,4.6,3.679,87754715,11246836100,711869
"Jan 5, 2023 12:00 AM",127.13,127.77,124.76,125.02,126.043,-1.34,-1.06,80962708,10236572900,665807
"Jan 4, 2023 12:00 AM",126.89,128.656,125.08,126.36,126.631,1.29,1.031,89113633,11282679900,770756
"Jan 3, 2023 12:00 AM",130.28,130.9,124.17,125.07,125.656,-4.86,-3.74,112117471,14087909100,1021450
"Dec 30, 2022 12:00 AM",128.41,129.95,127.43,129.93,128.806,0.32,0.247,77034209,9919743570,593026
"Dec 29, 2022 12:00 AM",127.99,130.481,127.73,129.61,129.508,3.57,2.832,75703710,9796473380,644650
"Dec 28, 2022 12:00 AM",129.67,131.028,125.87,126.04,127.567,-3.99,-3.069,85438391,10905097600,762849
"Dec 27, 2022 12:00 AM",131.38,131.41,128.72,130.03,129.914,-1.83,-1.388,69007830,9013306370,608517
"Dec 23, 2022 12:00 AM",130.92,132.415,129.64,131.86,131.138,-0.37,-0.28,63814893,8367668840,541784
"Dec 22, 2022 12:00 AM",134.352,134.56,130.3,132.23,131.848,-3.22,-2.377,77852108,10281769900,643610
"Dec 21, 2022 12:00 AM",132.98,136.81,132.75,135.45,135.302,3.15,2.381,85927993,11626215100,589174
"Dec 20, 2022 12:00 AM",131.39,133.25,129.89,132.3,131.835,-0.07,-0.053,77432819,10242882300,641372
"Dec 19, 2022 12:00 AM",135.11,135.2,131.32,132.37,132.434,-2.14,-1.591,79592614,10540292700,706078
"Dec 16, 2022 12:00 AM",136.685,137.65,133.73,134.51,134.946,-1.99,-1.458,160156900,21603668300,821724
"Dec 15, 2022 12:00 AM",141.11,141.8,136.025,136.5,137.566,-6.71,-4.685,98931907,13608294500,879633
"Dec 14, 2022 12:00 AM",145.35,146.655,141.16,143.21,144.165,-2.26,-1.554,82291182,11896922700,598208
"Dec 13, 2022 12:00 AM",149.5,149.969,144.24,145.47,146.497,0.98,0.678,93886161,13772608000,706795
"Dec 12, 2022 12:00 AM",142.7,144.5,141.06,144.49,143.09,2.33,1.639,70462654,10074811400,492877
"Dec 9, 2022 12:00 AM",142.34,145.57,140.9,142.16,143.219,-0.49,-0.343,76097011,10896800400,530434
"Dec 8, 2022 12:00 AM",142.36,143.52,141.1,142.65,142.51,1.71,1.213,62128338,8852875710,456457
"Dec 7, 2022 12:00 AM",142.19,143.37,140,140.94,141.135,-1.97,-1.378,69721094,9840694100,565738
"Dec 6, 2022 12:00 AM",147.075,147.3,141.92,142.91,143.746,-3.72,-2.537,64727186,9305757160,537644
"Dec 5, 2022 12:00 AM",147.77,150.92,145.77,146.63,147.627,-1.18,-0.798,68826442,10167544000,586965
"Dec 2, 2022 12:00 AM",145.96,148,145.65,147.81,146.897,-0.5,-0.337,65447446,9621532720,464837
"Dec 1, 2022 12:00 AM",148.21,149.13,146.61,148.31,148.055,0.28,0.189,71250416,10550264500,526487
"Nov 30, 2022 12:00 AM",141.395,148.72,140.55,148.03,145.166,6.86,4.859,111380880,16240811300,708118
"Nov 29, 2022 12:00 AM",144.29,144.81,140.355,141.17,142.005,-3.05,-2.115,83763803,11896537300,713690
"Nov 28, 2022 12:00 AM",145.14,146.64,143.38,144.22,144.756,-3.89,-2.626,69346522,10042619300,614495
"Nov 25, 2022 12:00 AM",148.305,148.88,147.12,148.11,148.114,-2.96,-1.959,35195860,5215842290,319761
"Nov 23, 2022 12:00 AM",149.45,151.83,149.34,151.07,150.809,0.89,0.593,58301395,8789778610,444662
"Nov 22, 2022 12:00 AM",148.13,150.42,146.925,150.18,149.205,2.17,1.466,51804132,7727447400,405462
"Nov 21, 2022 12:00 AM",150.16,150.37,147.715,148.01,148.452,-3.28,-2.168,58724070,8717248740,504956
"Nov 18, 2022 12:00 AM",152.305,152.7,149.97,151.29,151.18,0.57,0.378,74829573,11312027400,514372
"Nov 17, 2022 12:00 AM",146.43,151.48,146.15,150.72,149.741,1.93,1.297,80389400,12041186800,563929
"Nov 16, 2022 12:00 AM",149.13,149.87,147.29,148.79,148.609,-1.25,-0.833,64218266,9544633460,472700
"Nov 15, 2022 12:00 AM",152.215,153.59,148.561,150.04,151.206,1.76,1.187,89868332,13583589500,704029
"Nov 14, 2022 12:00 AM",148.97,150.28,147.43,148.28,148.701,-1.42,-0.949,73374114,10909881100,576667
"Nov 11, 2022 12:00 AM",145.82,150.01,144.37,149.7,148.226,2.83,1.927,93979665,13921608800,743078
"Nov 10, 2022 12:00 AM",141.24,146.87,139.5,146.87,144.332,12,8.897,118854028,17128178600,875555
"Nov 9, 2022 12:00 AM",138.5,138.55,134.593,134.87,135.941,-4.63,-3.319,74917794,10185273600,633687
"Nov 8, 2022 12:00 AM",140.41,141.43,137.49,139.5,139.551,0.58,0.418,89908477,12619321700,637760
"Nov 7, 2022 12:00 AM",137.11,139.145,135.671,138.92,137.508,0.54,0.39,83374628,11456588600,715272
"Nov 4, 2022 12:00 AM",142.09,142.67,134.38,138.38,137.25,-0.5,-0.36,140814796,19317169200,1162210
"Nov 3, 2022 12:00 AM",142.06,142.8,138.75,138.88,140.058,-6.15,-4.241,97918516,13716053700,885643
"Nov 2, 2022 12:00 AM",148.945,152.17,145,145.03,148.151,-5.62,-3.731,93604623,13867646400,825955
"Nov 1, 2022 12:00 AM",155.08,155.45,149.13,150.65,150.92,-2.69,-1.754,80379345,12131669900,655593
"Oct 31, 2022 12:00 AM",153.155,154.24,151.92,153.34,153.246,-2.4,-1.541,97943171,15010289600,727377
"Oct 28, 2022 12:00 AM",148.2,157.5,147.82,155.74,154.576,10.94,7.555,164762371,25432451600,1228580
"Oct 27, 2022 12:00 AM",148.07,149.046,144.13,144.8,145.254,-4.55,-3.047,109180150,15852687100,944329
"Oct 26, 2022 12:00 AM",150.96,151.99,148.04,149.35,149.985,-2.99,-1.963,88436172,13264039400,695079
"Oct 25, 2022 12:00 AM",150.09,152.49,149.36,152.34,151.46,2.89,1.934,74732290,11314378500,581703
"Oct 24, 2022 12:00 AM",147.185,150.23,146,149.45,148.398,2.18,1.48,75981918,11272525500,653185
"Oct 21, 2022 12:00 AM",142.87,147.848,142.649,147.27,145.565,3.88,2.706,86548609,12605183300,621757
"Oct 20, 2022 12:00 AM",143.02,145.89,142.65,143.39,144.195,-0.47,-0.327,64521989,9302469850,518094
"Oct 19, 2022 12:00 AM",141.69,144.949,141.5,143.86,143.442,0.11,0.077,61758340,8857551100,511602
"Oct 18, 2022 12:00 AM",145.49,146.7,140.61,143.75,143.999,1.34,0.941,99136610,14271027700,785753
"Oct 17, 2022 12:00 AM",141.065,142.9,140.27,142.41,141.957,4.03,2.912,85250939,12128273400,634770
"Oct 14, 2022 12:00 AM",144.31,144.52,138.19,138.38,139.841,-4.61,-3.224,88597969,12423195200,690207
"Oct 13, 2022 12:00 AM",134.99,143.59,134.37,142.99,139.887,4.65,3.361,113223975,15828466500,874390
"Oct 12, 2022 12:00 AM",139.13,140.36,138.16,138.34,139.063,-0.64,-0.46,70433744,9801985650,553540
"Oct 11, 2022 12:00 AM",139.9,141.35,138.22,138.98,139.512,-1.44,-1.025,77033672,10746465200,609187
"Oct 10, 2022 12:00 AM",140.42,141.89,138.573,140.42,140.184,0.33,0.236,74899002,10497996500,621084
"Oct 7, 2022 12:00 AM",142.54,143.1,139.445,140.09,140.717,-5.34,-3.672,85925559,12095023200,666620
"Oct 6, 2022 12:00 AM",145.81,147.54,145.22,145.43,146.036,-0.97,-0.663,68402169,9994456030,538921
"Oct 5, 2022 12:00 AM",144.075,147.38,143.01,146.4,145.265,0.3,0.205,79470968,11536064200,606106
"Oct 4, 2022 12:00 AM",145.03,146.22,144.26,146.1,145.489,3.65,2.562,87830064,12847233000,687930
"Oct 3, 2022 12:00 AM",138.21,143.07,137.685,142.45,141.229,4.25,3.075,114311663,16127531100,839121
"Sep 30, 2022 12:00 AM",141.28,143.1,138,138.2,140.269,-4.28,-3.004,124925274,17520329300,947677
"Sep 29, 2022 12:00 AM",146.1,146.72,140.68,142.48,142.745,-7.36,-4.912,128138237,18290879400,1067747
"Sep 28, 2022 12:00 AM",147.64,150.641,144.84,149.84,148.909,-1.92,-1.265,146691387,10019431500,1143103
"Sep 27, 2022 12:00 AM",152.74,154.72,149.945,151.76,152.088,0.99,0.657,84442741,12842824500,684264
"Sep 26, 2022 12:00 AM",149.66,153.77,149.64,150.77,151.5,0.34,0.226,93339409,14133595500,750062
"Sep 23, 2022 12:00 AM",151.19,151.47,148.56,150.43,149.962,-2.31,-1.512,96029909,14395866900,767232
"Sep 22, 2022 12:00 AM",152.38,154.47,150.91,152.74,152.527,-0.98,-0.638,86652542,13212884100,687238
"Sep 21, 2022 12:00 AM",157.34,158.74,153.6,153.72,156.232,-3.18,-2.027,101696790,15880493000,785293
"Sep 20, 2022 12:00 AM",153.4,158.08,153.08,156.9,156.082,2.42,1.567,107689796,16797664800,792562
"Sep 19, 2022 12:00 AM",149.31,154.56,149.1,154.48,152.565,3.78,2.508,81474246,12443307700,672441
"Sep 16, 2022 12:00 AM",151.21,151.35,148.37,150.7,150.205,-1.67,-1.096,162278841,24753790500,850834
"Sep 15, 2022 12:00 AM",154.65,155.24,151.38,152.37,152.971,-2.94,-1.893,90481110,13838847000,741627
"Sep 14, 2022 12:00 AM",154.785,157.1,153.611,155.31,155.241,1.47,0.956,87965409,13650632800,716546
"Sep 13, 2022 12:00 AM",159.9,160.54,153.37,153.84,155.905,-9.59,-5.868,122656614,19137494700,1018617
"Sep 12, 2022 12:00 AM",159.59,164.26,159.3,163.43,162.441,6.06,3.851,104955962,17046615700,801999
"Sep 9, 2022 12:00 AM",155.47,157.82,154.75,157.37,156.709,2.91,1.884,68081006,10702029600,534121
"Sep 8, 2022 12:00 AM",154.64,156.36,152.68,154.46,154.364,-1.5,-0.962,84923847,13107585600,697787
"Sep 7, 2022 12:00 AM",154.825,156.67,153.61,155.96,155.291,1.43,0.925,87449574,13577948700,697658
"Sep 6, 2022 12:00 AM",156.47,157.09,153.69,154.53,154.982,-1.28,-0.822,73714843,11444702700,687626
"Sep 2, 2022 12:00 AM",159.75,160.362,154.965,155.81,157.603,-2.15,-1.361,76957768,12143333200,646825
"Sep 1, 2022 12:00 AM",156.64,158.42,154.67,157.96,156.525,0.74,0.471,74229896,11614300200,655035
"Aug 31, 2022 12:00 AM",160.305,160.58,157.14,157.22,158.378,-1.69,-1.063,87991091,13938970500,607177
"Aug 30, 2022 12:00 AM",162.13,162.56,157.72,158.91,159.247,-2.47,-1.531,77906197,12404499500,645120
"Aug 29, 2022 12:00 AM",161.145,162.9,159.82,161.38,161.51,-2.24,-1.369,73313953,11839780100,640915
"Aug 26, 2022 12:00 AM",170.57,171.05,163.56,163.62,165.848,-6.41,-3.77,78960980,13166511500,723790
"Aug 25, 2022 12:00 AM",168.78,170.14,168.35,170.03,169.357,2.5,1.492,51218209,8673239920,466041
"Aug 24, 2022 12:00 AM",167.32,168.11,166.245,167.53,167.291,0.3,0.179,53841524,9026441440,477576
"Aug 23, 2022 12:00 AM",167.08,168.71,166.65,167.23,167.596,-0.34,-0.203,54147079,9074696470,495761
"Aug 22, 2022 12:00 AM",169.69,169.86,167.135,167.57,168.232,-3.95,-2.303,69026809,11611771000,621527
"Aug 19, 2022 12:00 AM",173.03,173.74,171.31,171.52,172.204,-2.63,-1.51,70346295,12111756900,573884
"Aug 18, 2022 12:00 AM",173.75,174.9,173.12,174.15,174.125,-0.4,-0.229,62290075,10846016000,546728
"Aug 17, 2022 12:00 AM",172.77,176.15,172.57,174.55,174.301,1.52,0.878,79542037,13853594800,687990
"Aug 16, 2022 12:00 AM",172.78,173.71,171.662,173.03,172.717,-0.16,-0.092,56377050,9797200670,517046
"Aug 15, 2022 12:00 AM",171.52,173.39,171.345,173.19,172.633,1.09,0.633,54091694,9335959680,502430
"Aug 12, 2022 12:00 AM",169.82,172.17,169.4,172.1,171.086,3.61,2.143,68039382,11637339400,558400
"Aug 11, 2022 12:00 AM",170.06,170.99,168.19,168.49,169.357,-0.75,-0.443,57149159,9678721730,508568
"Aug 10, 2022 12:00 AM",167.68,169.34,166.9,169.24,168.368,4.32,2.619,70170540,11810594100,560343
"Aug 9, 2022 12:00 AM",164.02,165.82,163.25,164.92,164.83,0.05,0.03,63135503,10454290200,481618
"Aug 8, 2022 12:00 AM",166.37,167.81,164.2,164.87,165.778,-0.48,-0.29,60362338,10011493000,540513
"Aug 5, 2022 12:00 AM",163.21,165.85,163,165.35,164.748,-0.46,-0.277,56696985,9352602280,493237
"Aug 4, 2022 12:00 AM",166.005,167.19,164.43,165.81,165.574,-0.32,-0.193,55474144,9194467990,526512
"Aug 3, 2022 12:00 AM",160.84,166.59,160.75,166.13,165.016,6.12,3.825,82507488,13599553600,683648
"Aug 2, 2022 12:00 AM",160.1,162.41,159.63,160.01,160.677,-1.5,-0.929,59907025,9629939460,544432
"Aug 1, 2022 12:00 AM",161.01,163.59,160.89,161.51,162.1,-1,-0.615,67829379,10993333700,595121
"Jul 29, 2022 12:00 AM",161.24,163.63,159.5,162.51,162.266,5.16,3.279,101786860,16516808900,774908
"Jul 28, 2022 12:00 AM",156.98,157.64,154.41,157.35,157.443,0.56,0.357,81378731,12806050600,739355
"Jul 27, 2022 12:00 AM",152.58,157.33,152.16,156.79,155.339,5.19,3.423,78620688,12205648400,579705
"Jul 26, 2022 12:00 AM",152.265,153.085,150.8,151.6,151.656,-1.35,-0.883,55138691,8361895180,472605
"Jul 25, 2022 12:00 AM",154.01,155.04,152.28,152.95,153.257,-1.14,-0.74,53623945,8218168180,488016
"Jul 22, 2022 12:00 AM",155.39,156.28,153.41,154.09,154.58,-1.26,-0.811,66675408,10360875700,527895
"Jul 21, 2022 12:00 AM",154.5,155.57,151.94,155.35,154.366,2.31,1.509,65086636,10044072400,523431
"Jul 20, 2022 12:00 AM",151.12,153.72,150.37,153.04,152.631,2.04,1.351,64823413,9893064220,524153
"Jul 19, 2022 12:00 AM",147.92,151.23,146.91,151,149.81,3.93,2.672,82982367,12445971400,578945
"Jul 18, 2022 12:00 AM",150.74,151.57,146.7,147.07,148.931,-3.1,-2.064,81420868,12179632600,623139
"Jul 15, 2022 12:00 AM",149.78,150.86,148.2,150.17,149.51,1.7,1.145,76259931,11437857200,551706
"Jul 14, 2022 12:00 AM",144.08,148.95,143.25,148.47,146.645,2.98,2.048,78140744,11450472100,615484
"Jul 13, 2022 12:00 AM",142.99,146.45,142.12,145.49,145.21,-0.37,-0.254,71185560,10377714000,559882
"Jul 12, 2022 12:00 AM",145.76,148.45,145.05,145.86,146.763,0.99,0.683,77588759,11387063100,580287
"Jul 11, 2022 12:00 AM",145.67,146.64,143.78,144.87,145.117,-2.17,-1.476,63305113,9191015590,496980
"Jul 8, 2022 12:00 AM",145.265,147.55,145,147.04,146.671,0.69,0.471,64547798,9464175930,520854
"Jul 7, 2022 12:00 AM",143.29,146.55,143.28,146.35,145.687,3.43,2.4,66253709,9654204510,541476
"Jul 6, 2022 12:00 AM",141.355,144.12,141.08,142.92,142.569,1.36,0.961,74064254,10556250900,586059
"Jul 5, 2022 12:00 AM",137.77,141.61,136.93,141.56,139.833,2.63,1.893,73429641,10261057400,602659
"Jul 1, 2022 12:00 AM",136.04,139.04,135.66,138.93,137.512,2.21,1.616,71051552,9792057500,559654
"Jun 30, 2022 12:00 AM",137.25,138.37,133.774,136.72,136.461,-2.51,-1.803,98964467,13500859500,711287
"Jun 29, 2022 12:00 AM",137.46,140.67,136.67,139.23,139.274,1.79,1.302,66242411,9239999170,573038
"Jun 28, 2022 12:00 AM",142.13,143.422,137.325,137.44,139.309,-4.22,-2.979,67315328,9379753220,546520
"Jun 27, 2022 12:00 AM",142.695,143.49,140.965,141.66,142.005,0,0,70207908,10416772600,516470
"Jun 24, 2022 12:00 AM",139.9,141.91,139.77,141.66,140.861,3.39,2.452,89116837,12592530200,542614
"Jun 23, 2022 12:00 AM",136.82,138.59,135.63,138.27,137.266,2.92,2.157,72433768,9941863240,555265
"Jun 22, 2022 12:00 AM",134.79,137.76,133.91,135.35,135.876,-0.52,-0.383,73409234,10041618500,531096
"Jun 21, 2022 12:00 AM",133.42,137.06,133.32,135.87,135.918,4.31,3.276,81000488,11016261000,605065
"Jun 17, 2022 12:00 AM",130.065,133.079,129.81,131.56,131.434,1.5,1.153,134520290,17705214400,744981
"Jun 16, 2022 12:00 AM",132.08,132.39,129.04,130.06,130.424,-5.37,-3.965,107961508,14435081900,909924
"Jun 15, 2022 12:00 AM",134.29,137.34,132.16,135.43,134.629,2.67,2.011,91532972,12317293700,734062
"Jun 14, 2022 12:00 AM",133.13,133.89,131.48,132.76,132.545,0.88,0.667,84784326,11238546100,676321
"Jun 13, 2022 12:00 AM",132.87,135.2,131.44,131.88,133.066,-5.25,-3.828,122207099,16251677000,1020646
"Jun 10, 2022 12:00 AM",140.28,140.76,137.06,137.13,138.075,-5.51,-3.863,91566637,12650805700,826767
"Jun 9, 2022 12:00 AM",147.08,147.95,142.53,142.64,145.241,-5.32,-3.596,69472976,10094668600,558749
"Jun 8, 2022 12:00 AM",148.58,149.87,147.46,147.96,148.599,-0.75,-0.504,53950201,8058363050,430856
"Jun 7, 2022 12:00 AM",144.345,149,144.1,148.71,147.618,2.57,1.759,67808150,11509311200,528509
"Jun 6, 2022 12:00 AM",147.03,148.569,144.9,146.14,146.59,0.76,0.523,71598380,10495455400,606427
"Jun 3, 2022 12:00 AM",146.9,147.97,144.46,145.38,145.728,-5.83,-3.856,88570289,12907571600,762073
"Jun 2, 2022 12:00 AM",147.83,151.27,146.86,151.21,149.563,2.5,1.681,72348055,10815093000,574966
"Jun 1, 2022 12:00 AM",149.9,151.74,147.68,148.71,149.352,-0.13,-0.087,74286635,11092970500,629789
"May 31, 2022 12:00 AM",149.07,150.66,146.84,148.84,149.082,-0.8,-0.535,103718416,15458013900,707045
"May 27, 2022 12:00 AM",145.39,149.68,145.26,149.64,148.267,5.86,4.076,90978503,13540613000,686723
"May 26, 2022 12:00 AM",137.39,144.34,137.14,143.78,142.503,3.26,2.32,90601548,12896960100,671229
"May 25, 2022 12:00 AM",138.43,141.785,138.34,140.52,140.083,0.16,0.114,92482696,12948545800,689106
"May 24, 2022 12:00 AM",140.805,141.97,137.33,140.36,139.356,-2.75,-1.922,104132746,14520654900,967964
"May 23, 2022 12:00 AM",137.79,143.26,137.65,143.11,141.465,5.52,4.012,117726265,16650035100,1002111
"May 20, 2022 12:00 AM",139.09,140.7,132.61,137.59,136.306,0.24,0.175,137426125,18720202100,1134333
"May 19, 2022 12:00 AM",139.88,141.66,136.6,137.35,138.554,-3.47,-2.464,136095640,18840179800,1222716
"May 18, 2022 12:00 AM",146.85,147.36,139.9,140.82,142.56,-8.42,-5.642,109742890,15648221400,982805
"May 17, 2022 12:00 AM",148.86,149.77,146.68,149.24,148.446,3.7,2.542,78336254,11626177300,610031
"May 16, 2022 12:00 AM",145.55,147.52,144.18,145.54,145.757,-1.57,-1.067,86643781,12679864000,703798
"May 13, 2022 12:00 AM",144.59,148.105,143.11,147.11,146.291,4.55,3.192,113990852,16666399100,925194
"May 12, 2022 12:00 AM",142.77,146.2,138.8,142.56,141.9,-3.94,-2.689,182602041,25891028100,1679680
"May 11, 2022 12:00 AM",153.5,155.45,145.81,146.5,149.266,-8.01,-5.184,142689825,21373928700,1311937
"May 10, 2022 12:00 AM",155.52,156.74,152.93,154.51,154.865,2.45,1.611,115366736,17843657700,990194
"May 9, 2022 12:00 AM",154.925,155.83,151.49,152.06,152.819,-5.22,-3.319,131577921,20169479800,1104941
"May 6, 2022 12:00 AM",156.01,159.44,154.18,157.28,157.25,0.51,0.325,116124647,18265037400,1025000
"May 5, 2022 12:00 AM",163.85,164.08,154.95,156.77,157.977,-9.25,-5.572,130525275,20611076800,1165700
"May 4, 2022 12:00 AM",159.67,166.48,159.26,166.02,162.433,6.54,4.101,108256503,17673887400,874423
"May 3, 2022 12:00 AM",158.15,160.71,156.32,159.48,158.789,1.52,0.962,88966526,14119230100,708831
"May 2, 2022 12:00 AM",156.71,158.23,153.27,157.96,155.945,0.31,0.197,123055265,19223052200,1155574
"Apr 29, 2022 12:00 AM",161.84,166.2,157.25,157.65,160.614,-5.99,-3.66,131747571,21148567600,1033101
"Apr 28, 2022 12:00 AM",159.25,164.515,158.93,163.64,162.007,7.07,4.516,130216792,21047191000,1126857
"Apr 27, 2022 12:00 AM",155.91,159.79,155.38,156.57,157.407,-0.23,-0.147,88063191,13855932400,779407
"Apr 26, 2022 12:00 AM",162.25,162.34,156.72,156.8,158.478,-6.08,-3.733,95623240,15151683300,901250
"Apr 25, 2022 12:00 AM",161.12,163.17,158.46,162.88,160.673,1.09,0.674,96046376,15420847700,933218
"Apr 22, 2022 12:00 AM",166.46,167.87,161.5,161.79,164.098,-4.63,-2.782,84882424,13948620100,730932
"Apr 21, 2022 12:00 AM",168.91,171.53,165.91,166.42,168.752,-0.81,-0.484,87227768,14711944400,752693
"Apr 20, 2022 12:00 AM",168.76,168.88,166.1,167.23,167.313,-0.17,-0.102,67929814,11365111900,595678
"Apr 19, 2022 12:00 AM",165.02,167.82,163.91,167.4,166.571,2.33,1.412,67723833,11290327200,549334
"Apr 18, 2022 12:00 AM",163.92,166.598,163.57,165.07,164.919,-0.22,-0.133,69023941,11392436700,577269
"Apr 14, 2022 12:00 AM",170.62,171.27,165.04,165.29,167.215,-5.11,-2.999,75329376,12592776300,598458
"Apr 13, 2022 12:00 AM",167.39,171.04,166.77,170.4,169.684,2.74,1.634,70618925,11978906800,558889
"Apr 12, 2022 12:00 AM",168.02,169.87,166.64,167.66,168.081,1.91,1.152,79265181,13315825400,679652
"Apr 11, 2022 12:00 AM",168.71,169.03,165.5,165.75,166.639,-4.34,-2.552,72246706,12037916300,677694
"Apr 8, 2022 12:00 AM",171.78,171.78,169.2,170.09,170.473,-2.05,-1.191,76575508,13053203100,615441
"Apr 7, 2022 12:00 AM",171.16,173.36,169.85,172.14,171.796,0.31,0.18,77594650,13333498900,629531
"Apr 6, 2022 12:00 AM",172.36,173.63,170.13,171.83,171.723,-3.23,-1.845,89058782,15287305600,770164
"Apr 5, 2022 12:00 AM",177.5,178.3,174.415,175.06,175.931,-3.38,-1.894,73401786,12922223600,622254
"Apr 4, 2022 12:00 AM",174.57,178.49,174.44,178.44,177.487,4.13,2.369,76545983,13578612600,631075
"Apr 1, 2022 12:00 AM",174.03,174.88,171.94,174.31,173.385,-0.3,-0.172,78751328,13649742000,661867
"Mar 31, 2022 12:00 AM",177.84,178.03,174.4,174.61,175.82,-3.16,-1.778,103049285,18120684300,717073
"Mar 30, 2022 12:00 AM",178.55,179.61,176.7,177.77,178.073,-1.19,-0.665,92633154,16309325900,696824
"Mar 29, 2022 12:00 AM",176.69,179.01,176.34,178.96,177.804,3.36,1.913,100589440,17891052000,776799
"Mar 28, 2022 12:00 AM",172.17,175.73,172,175.6,174.378,0.88,0.504,90371916,15759667100,716715
"Mar 25, 2022 12:00 AM",173.88,175.28,172.75,174.72,173.988,0.65,0.373,80546156,14007339700,664254
"Mar 24, 2022 12:00 AM",171.06,174.14,170.21,174.07,172.26,3.86,2.268,90131418,15516284700,688913
"Mar 23, 2022 12:00 AM",167.99,172.64,167.65,170.21,170.728,1.39,0.823,98062674,16732860600,785163
"Mar 22, 2022 12:00 AM",165.51,169.42,164.91,168.82,168.238,3.44,2.08,81532007,13753409900,639703
"Mar 21, 2022 12:00 AM",163.51,166.35,163.015,165.38,164.753,1.4,0.854,95811352,15773511700,721712
"Mar 18, 2022 12:00 AM",160.51,164.48,159.76,163.98,162.556,3.36,2.092,123511692,20273249900,714684
"Mar 17, 2022 12:00 AM",158.61,161,157.63,160.62,159.431,1.03,0.645,75615376,12053364300,629836
"Mar 16, 2022 12:00 AM",157.05,160,154.46,159.59,157.652,4.5,2.902,102300157,16148555800,833934
"Mar 15, 2022 12:00 AM",150.9,155.57,150.38,155.09,153.542,4.47,2.968,92964302,14260534400,721441
"Mar 14, 2022 12:00 AM",151.45,154.12,150.1,150.62,151.588,-4.11,-2.656,108732111,16478232700,973343
"Mar 11, 2022 12:00 AM",158.93,159.28,154.5,154.73,156.026,-3.79,-2.391,96970102,15128549300,882392
"Mar 10, 2022 12:00 AM",160.2,160.39,155.98,158.52,157.943,-4.43,-2.719,105342033,16656320700,883679
"Mar 9, 2022 12:00 AM",161.475,163.41,159.41,162.95,161.95,5.51,3.5,91454905,14800690800,735600
"Mar 8, 2022 12:00 AM",158.82,162.88,155.8,157.44,158.679,-1.86,-1.168,131148280,20797275400,1140776
"Mar 7, 2022 12:00 AM",163.36,165.02,159.04,159.3,161.368,-3.87,-2.372,96418845,15548973500,848040
"Mar 4, 2022 12:00 AM",164.49,165.55,162.1,163.17,163.349,-3.06,-1.841,83819592,13686819400,744427
"Mar 3, 2022 12:00 AM",168.47,168.91,165.55,166.23,166.878,-0.33,-0.198,76678441,12793780000,652438
"Mar 2, 2022 12:00 AM",164.39,167.36,162.95,166.56,165.83,3.36,2.059,79724750,13212581100,669153
"Mar 1, 2022 12:00 AM",164.695,166.6,161.97,163.2,164.14,-1.92,-1.163,83474425,13693804600,752742
"Feb 28, 2022 12:00 AM",163.06,165.42,162.43,165.12,164.25,0.27,0.164,95056629,15615724200,893587
"Feb 25, 2022 12:00 AM",163.84,165.12,160.874,164.85,163.721,2.11,1.297,91974222,15053505700,836567
"Feb 24, 2022 12:00 AM",152.58,162.85,152,162.74,158.046,2.67,1.668,141147540,22276552000,1479863
"Feb 23, 2022 12:00 AM",165.54,166.15,159.75,160.07,162.121,-4.25,-2.586,90009247,14614194300,944052
"Feb 22, 2022 12:00 AM",164.98,166.69,162.15,164.32,164.467,-2.98,-1.781,91162758,15007888700,1031882
"Feb 18, 2022 12:00 AM",169.82,170.541,166.19,167.3,167.807,-1.58,-0.936,82772674,13933597100,789136
"Feb 17, 2022 12:00 AM",171.03,171.91,168.47,168.88,170.076,-3.67,-2.127,69589344,11853123500,699665
"Feb 16, 2022 12:00 AM",171.85,173.34,170.05,172.55,171.652,-0.24,-0.139,61177398,10515761900,678276
"Feb 15, 2022 12:00 AM",170.97,172.95,170.25,172.79,171.653,3.91,2.315,64286320,11046341100,694453
"Feb 14, 2022 12:00 AM",167.37,169.58,166.56,168.88,168.411,0.24,0.142,86185530,14514241200,845247
"Feb 11, 2022 12:00 AM",172.33,173.08,168.04,168.64,170.139,-3.48,-2.022,98670687,16788374200,878580
"Feb 10, 2022 12:00 AM",174.14,175.48,171.55,172.12,173.456,-4.16,-2.36,90865899,15763484900,831311
"Feb 9, 2022 12:00 AM",176.05,176.65,174.9,176.28,175.814,1.45,0.829,71285038,12537843500,639629
"Feb 8, 2022 12:00 AM",171.73,175.35,171.43,174.83,173.853,3.17,1.847,74829217,13017545900,747391
"Feb 7, 2022 12:00 AM",172.86,173.946,170.95,171.66,172.376,-0.73,-0.423,77251204,13328822600,608401
"Feb 4, 2022 12:00 AM",171.68,174.1,170.68,172.39,172.335,-0.51,-0.295,82465400,14212632600,807210
"Feb 3, 2022 12:00 AM",174.48,176.24,172.12,172.9,174.294,-2.94,-1.672,89418074,15582709600,725451
"Feb 2, 2022 12:00 AM",174.745,175.88,173.33,175.84,174.889,1.23,0.704,84914256,14860531400,803903
"Feb 1, 2022 12:00 AM",174.01,174.84,172.31,174.61,173.621,-0.17,-0.097,86213911,14978751000,867128
"Jan 31, 2022 12:00 AM",170.16,175,169.51,174.78,173.18,4.45,2.613,115541590,19998471400,1053080
"Jan 28, 2022 12:00 AM",165.71,170.35,162.8,170.33,167.326,11.11,6.978,179935660,30098768300,1606749
"Jan 27, 2022 12:00 AM",162.45,163.84,158.28,159.22,161.181,-0.47,-0.294,121954638,19661094100,1255958
"Jan 26, 2022 12:00 AM",163.5,164.389,157.82,159.69,161.292,-0.09,-0.056,108275308,17465455900,1108524
"Jan 25, 2022 12:00 AM",158.98,162.76,157.02,159.78,159.37,-1.84,-1.138,115798367,18459309000,1108856
"Jan 24, 2022 12:00 AM",160.02,162.3,154.7,161.62,158.579,-0.79,-0.486,162706686,25806522600,1741741
"Jan 21, 2022 12:00 AM",164.415,166.33,162.3,162.41,163.765,-2.1,-1.277,122848858,20112101700,1137875
"Jan 20, 2022 12:00 AM",166.98,169.68,164.18,164.51,166.821,-1.72,-1.035,91420515,15319702600,796256
"Jan 19, 2022 12:00 AM",170,171.08,165.94,166.23,168.19,-3.57,-2.102,94814990,15962781900,890083
"Jan 18, 2022 12:00 AM",171.51,172.54,169.405,169.8,170.474,-3.27,-1.889,91168729,15542624400,843577
"Jan 14, 2022 12:00 AM",171.34,173.78,171.09,173.07,172.428,0.88,0.511,80440780,13865805900,734536
"Jan 13, 2022 12:00 AM",175.78,176.62,171.79,172.19,173.937,-3.34,-1.903,84505760,14697456900,751593
"Jan 12, 2022 12:00 AM",176.12,177.18,174.82,175.53,175.819,0.45,0.257,74805173,13147319100,643203
"Jan 11, 2022 12:00 AM",172.32,175.18,170.82,175.08,173.65,2.89,1.678,76138312,13236811300,713044
"Jan 10, 2022 12:00 AM",169.08,172.5,168.17,172.19,170.253,0.02,0.012,106765552,18171546100,1044963
"Jan 7, 2022 12:00 AM",172.89,174.14,171.03,172.17,172.431,0.17,0.099,86709147,15125189900,779188
"Jan 6, 2022 12:00 AM",172.7,175.3,171.64,172,173.015,-2.92,-1.669,96903955,16826795300,1014086
"Jan 5, 2022 12:00 AM",179.61,180.17,174.64,174.92,177.182,-4.78,-2.66,94537602,16748231300,903123
"Jan 4, 2022 12:00 AM",182.63,182.94,179.12,179.7,180.539,-2.31,-1.269,99310438,17923781100,930203
"Jan 3, 2022 12:00 AM",177.83,182.88,177.71,182.01,181.376,4.44,2.5,104701220,18989781600,844458
